Model,Accuracy,Precision,Recall,F1
RandomForest,0.9819711538461539,0.9541169076052797,0.9986842105263158,0.9758919961427193
DecisionTree,0.9966346153846154,0.9947437582128777,0.9960526315789474,0.9953977646285339
LogisticRegression,0.9353365384615384,0.8512071869736103,0.9973684210526316,0.9185095425628598
KNN,0.9680288461538461,0.9195402298850575,1.0,0.9580838323353293
SVM,0.8105769230769231,0.7524137931034482,0.7177631578947369,0.7346801346801347
NaiveBayes,0.9598557692307692,0.9024390243902439,0.9980263157894737,0.9478288034989066
XGBoost,1.0,1.0,1.0,1.0
